observer,session 1,session 2,session 3
1,head1,head2,head3
2,head1,head2,head3
3,head1,head2,head3
4,head1,head2,head3
5,head1,head2,head3
6,head1,head2,head3
7,head1,head2,head3
8,head1,head2,head3
9,head1,head2,head3
10,head1,head2,head3
11,head1,head2,head3
12,head1,head2,head3
13,head1,head2,head3
14,head1,head2,head3
15,head1,head2,head3
16,head1,head2,head3
17,head1,head2,head3
18,head1,head2,head3
19,head1,head2,head3
20,head1,head2,head3
21,head1,head2,head3
22,head1,head2,head3
23,head1,head2,head3
24,head1,head2,head3
25,head1,head2,head3
26,head1,head2,head3
27,head1,head2,head3
28,head1,head2,head3
29,head1,head2,head3
30,head1,head2,head3
